URS0000000001	ENA	GU793749.1:1..200:rRNA	77133	rRNA	
URS0000000001	ENA	GU793583.1:1..200:rRNA	77133	rRNA	
URS0000000001	ENA	GU792481.1:1..200:rRNA	77133	rRNA	
URS0000000001	ENA	GU786868.1:1..200:rRNA	77133	rRNA	
URS0000000001	ENA	GU786889.1:1..200:rRNA	77133	rRNA	
URS0000000001	ENA	GU793287.1:1..200:rRNA	77133	rRNA	
URS0000000001	ENA	GU792786.1:1..200:rRNA	77133	rRNA	
URS0000000001	ENA	GU794138.1:1..200:rRNA	77133	rRNA	
URS0000000001	ENA	GU786683.1:1..200:rRNA	77133	rRNA	
URS0000000001	ENA	GU793944.1:1..200:rRNA	77133	rRNA	
URS0000000001	ENA	GU790934.1:1..200:rRNA	77133	rRNA	
URS0000000003	SILVA	DQ668905.1	77133	rRNA	rrn
URS0000000003	RFAM	RF00177	77133	rRNA	
URS0000000003	ENA	DQ668905.1:1..363:rRNA	77133	rRNA	
URS0000000004	SILVA	JQ497178.1	77133	rRNA	rrn
URS0000000004	ENA	JQ497178.1:1..332:rRNA	77133	rRNA	
URS0000000005	ENA	AY930452.1:1..488:rRNA	77133	rRNA	
URS0000000005	RFAM	RF00177	77133	rRNA	
URS0000000005	SILVA	AY930452.1	77133	rRNA	rrn
URS0000000006	ENA	KC615826.1:1..558:rRNA	1317357	rRNA	
URS0000000008	ENA	LK392301.1:22116..22187:tRNA	381046	tRNA	tRNA-Arg2
URS0000000008	ENA	LK392296.1:21008..21079:tRNA	381046	tRNA	tRNA-Arg2
URS0000000008	ENA	LK392300.1:22560..22631:tRNA	381046	tRNA	tRNA-Arg2
URS0000000008	RFAM	RF00005	381046	tRNA	
URS0000000008	ENA	LK392297.1:20992..21063:tRNA	381046	tRNA	tRNA-Arg2
URS0000000008	ENA	AJ634268.1:20980..21051:tRNA	381046	tRNA	tRNA-Arg2
URS0000000008	ENA	LK392298.1:20989..21060:tRNA	381046	tRNA	tRNA-Arg2
URS0000000008	ENA	LK392302.1:19314..19385:tRNA	381046	tRNA	tRNA-Arg2
URS0000000008	ENA	LK392299.1:22405..22476:tRNA	381046	tRNA	tRNA-Arg2
URS0000000009	RFAM	RF00177	153152	rRNA	
URS0000000009	SILVA	AB560712.1	153152	rRNA	rrn
URS0000000009	ENA	AB560712.1:1..405:rRNA	153152	rRNA	
URS000000000A	SILVA	HQ493232.1	77133	rRNA	rrn
URS000000000A	ENA	HQ493232.1:1..399:rRNA	77133	rRNA	
URS000000000B	SILVA	JF986195.1	77133	rRNA	rrn
URS000000000B	RFAM	RF00177	77133	rRNA	
URS000000000B	ENA	JF986195.1:1..464:rRNA	77133	rRNA	
URS000000000C	ENA	JQ375663.2:1..783:rRNA	77133	rRNA	
URS000000000C	SILVA	JQ375663.2	77133	rRNA	rrn
URS000000000D	SILVA	KC691396.1	1396493	rRNA	rrn
URS000000000D	ENA	KC691396.1:1..836:rRNA	1396493	rRNA	
URS000000000F	RFAM	RF00177	77133	rRNA	
URS000000000F	ENA	AY990151.1:1..1293:rRNA	77133	rRNA	
URS000000000F	SILVA	AY990151.1	77133	rRNA	rrn
URS0000000010	SILVA	HE575974.1	77133	rRNA	rrn
URS0000000010	ENA	HE575974.1:1..1506:rRNA	77133	rRNA	16S rRNA
URS0000000010	GREENGENES	2264288	77133	rRNA	rrn
URS0000000011	SILVA	AP011177.1	637905	rRNA	rrn
URS0000000011	ENA	AP011177.1:587804..590708:rRNA	637905	rRNA	rrlD
URS0000000011	ENA	AP011177.1:4778405..4781309:rRNA	637905	rRNA	rrlM
URS0000000011	SILVA	AP011177.1	637905	rRNA	rrn
URS0000000011	ENA	AP011177.1:594624..597528:rRNA	637905	rRNA	rrlE
URS0000000011	SILVA	AP011177.1	637905	rRNA	rrn
URS0000000011	SILVA	AP011177.1	637905	rRNA	rrn
URS0000000011	SILVA	AP011177.1	637905	rRNA	rrn
URS0000000011	ENA	AP011177.1:89279..92183:rRNA	637905	rRNA	rrlB
URS0000000011	ENA	AP011177.1:1988479..1991383:rRNA	637905	rRNA	rrlH
URS0000000011	SILVA	AP011177.1	637905	rRNA	rrn
URS0000000011	ENA	AP011177.1:601437..604341:rRNA	637905	rRNA	rrlF
URS0000000012	RFAM	RF00177	77133	rRNA	
URS0000000012	ENA	U68651.1:1..521:rRNA	77133	rRNA	
URS0000000012	SILVA	U68651.1	77133	rRNA	rrn
URS0000000013	SILVA	GU194176.1	296199	rRNA	rrn
URS0000000013	RFAM	RF00177	296199	rRNA	
URS0000000013	ENA	GU194176.1:1..1421:rRNA	296199	rRNA	
URS0000000014	ENA	JF465414.1:1..254:rRNA	165438	rRNA	
URS0000000015	ENA	FR862737.1:1..235:rRNA	77133	rRNA	16S rRNA
URS0000000016	RFAM	RF00177	77133	rRNA	
URS0000000016	ENA	EF253137.1:1..104:rRNA	77133	rRNA	
URS0000000017	ENA	EU775511.1:1..1376:rRNA	77133	rRNA	
URS0000000017	SILVA	EU775511.1	77133	rRNA	rrn
URS0000000017	RFAM	RF00177	77133	rRNA	
URS0000000018	RFAM	RF00177	77133	rRNA	
URS0000000018	ENA	GQ022719.1:1..1372:rRNA	77133	rRNA	
URS0000000018	SILVA	GQ022719.1	77133	rRNA	rrn
URS0000000018	GREENGENES	486950	77133	rRNA	rrn
URS0000000019	ENA	KC653137.1:1..24:ncRNA	10029	piRNA	
URS000000001A	GREENGENES	3431066	77133	rRNA	rrn
URS000000001A	SILVA	JN580034.1	77133	rRNA	rrn
URS000000001A	RFAM	RF00177	77133	rRNA	
URS000000001A	ENA	JN580034.1:1..1593:rRNA	77133	rRNA	
URS000000001B	ENA	AB413427.1:1..28:ncRNA	7091	other	
URS000000001C	ENA	AP002947.1:5166..5234:tRNA	143342	tRNA	
URS000000001C	RFAM	RF00005	143342	tRNA	
URS000000001E	ENA	JN435488.1:1..1350:rRNA	155900	rRNA	
URS000000001E	SILVA	JN435488.1	155900	rRNA	rrn
URS000000001E	GREENGENES	4439119	155900	rRNA	rrn
URS000000001F	ENA	EF632755.1:1..1518:rRNA	77133	rRNA	
URS000000001F	GREENGENES	253572	77133	rRNA	rrn
URS000000001F	RFAM	RF00177	77133	rRNA	
URS000000001F	SILVA	EF632755.1	77133	rRNA	rrn
URS0000000020	ENA	HM691701.1:1..485:rRNA	77133	rRNA	
URS0000000020	SILVA	HM691701.1	77133	rRNA	rrn
URS0000000020	RFAM	RF00177	77133	rRNA	
URS0000000021	RFAM	RF00177	77133	rRNA	
URS0000000021	ENA	EU452972.1:1..1252:rRNA	77133	rRNA	
URS0000000021	SILVA	EU452972.1	77133	rRNA	rrn
URS0000000022	ENA	AY742612.1:1..70:tRNA	201695	tRNA	
URS0000000023	ENA	JX827009.1:296..347:tRNA	301181	tRNA	trnL
URS0000000023	ENA	JX827005.1:291..342:tRNA	408846	tRNA	trnL
URS0000000023	ENA	JX827019.1:296..347:tRNA	1255168	tRNA	trnL
URS0000000023	ENA	JX827004.1:290..341:tRNA	408846	tRNA	trnL
URS0000000023	ENA	JX826998.1:296..347:tRNA	301181	tRNA	trnL
URS0000000023	ENA	JX826992.1:296..347:tRNA	1255168	tRNA	trnL
URS0000000023	ENA	JX826984.1:296..347:tRNA	301181	tRNA	trnL
URS0000000023	ENA	JX827002.1:291..342:tRNA	408846	tRNA	trnL
URS0000000023	ENA	JX827018.1:296..347:tRNA	301181	tRNA	trnL
URS0000000023	ENA	JX826994.1:296..347:tRNA	1255168	tRNA	trnL
URS0000000023	ENA	JX826988.1:296..347:tRNA	1255168	tRNA	trnL
URS0000000023	ENA	JX827016.1:296..347:tRNA	301181	tRNA	trnL
URS0000000023	ENA	JX826987.1:296..347:tRNA	1255170	tRNA	trnL
URS0000000023	ENA	JX827000.1:296..347:tRNA	1255168	tRNA	trnL
URS0000000023	ENA	JX826993.1:296..347:tRNA	1255168	tRNA	trnL
URS0000000023	ENA	JX827006.1:295..346:tRNA	1255171	tRNA	trnL
URS0000000023	ENA	JX827008.1:296..347:tRNA	301181	tRNA	trnL
URS0000000023	ENA	JX826989.1:296..347:tRNA	1255168	tRNA	trnL
URS0000000023	ENA	JX826986.1:296..347:tRNA	1255170	tRNA	trnL
URS0000000023	ENA	JX827003.1:293..344:tRNA	61557	tRNA	trnL
URS0000000023	ENA	JX826982.1:296..347:tRNA	301181	tRNA	trnL
URS0000000023	ENA	JX826985.1:296..347:tRNA	1255169	tRNA	trnL
URS0000000023	ENA	JX826983.1:296..347:tRNA	301181	tRNA	trnL
URS0000000023	ENA	JX826997.1:296..347:tRNA	1255170	tRNA	trnL
URS0000000023	ENA	JX827001.1:296..347:tRNA	1255168	tRNA	trnL
URS0000000023	ENA	JX827017.1:296..347:tRNA	1255168	tRNA	trnL
URS0000000024	ENA	GU529947.1:1..372:rRNA	77133	rRNA	
URS0000000024	SILVA	GU529947.1	77133	rRNA	rrn
URS0000000026	ENA	GQ529754.1:1..262:rRNA	77133	rRNA	
URS0000000027	GREENGENES	4473246	77133	rRNA	rrn
URS0000000027	SILVA	GQ133307.1	77133	rRNA	rrn
URS0000000027	ENA	GQ133307.1:1..1323:rRNA	77133	rRNA	
URS0000000028	ENA	JX940997.1:1..487:rRNA	77133	rRNA	
URS0000000028	SILVA	JX940997.1	77133	rRNA	rrn
URS000000002A	RFAM	RF02541	602009	rRNA	
URS000000002A	ENA	FJ357170.1:1..570:rRNA	602009	rRNA	
URS000000002A	RFAM	RF02541	602009	rRNA	
URS000000002A	RFAM	RF02541	602009	rRNA	
URS000000002A	ENA	FJ357174.1:1..570:rRNA	602009	rRNA	
URS000000002A	RFAM	RF02541	602009	rRNA	
URS000000002A	ENA	FJ357168.1:1..570:rRNA	602009	rRNA	
URS000000002A	ENA	FJ357171.1:1..570:rRNA	602009	rRNA	
URS000000002B	SILVA	JQ428416.1	77133	rRNA	rrn
URS000000002B	GREENGENES	2164582	77133	rRNA	rrn
URS000000002B	ENA	JQ428416.1:1..1493:rRNA	77133	rRNA	
URS000000002C	ENA	GU083795.1:1..335:ncRNA	886898	RNase_P_RNA	rnpB
URS000000002D	ENA	GU118899.1:1..1388:rRNA	77133	rRNA	
URS000000002D	GREENGENES	553131	77133	rRNA	rrn
URS000000002D	RFAM	RF00177	77133	rRNA	
URS000000002D	SILVA	GU118899.1	77133	rRNA	rrn
URS000000002E	GREENGENES	565533	77133	rRNA	rrn
URS000000002E	ENA	GQ448140.1:1..1381:rRNA	77133	rRNA	
URS000000002E	SILVA	GQ448140.1	77133	rRNA	rrn
URS000000002E	RFAM	RF00177	77133	rRNA	
URS000000002F	ENA	HE616747.1:617025..617106:tRNA	4950	tRNA	TDEL0Ftrna6L
URS0000000030	ENA	JF181567.1:1..1358:rRNA	77133	rRNA	
URS0000000030	SILVA	JF181567.1	77133	rRNA	rrn
URS0000000030	RFAM	RF00177	77133	rRNA	
URS0000000030	GREENGENES	1071937	77133	rRNA	rrn
URS0000000031	RFAM	RF00177	157149	rRNA	
URS0000000031	GREENGENES	162821	157149	rRNA	rrn
URS0000000031	SILVA	DQ833902.1	157149	rRNA	rrn
URS0000000031	ENA	DQ833902.1:1..1344:rRNA	157149	rRNA	
URS0000000033	ENA	GU181235.1:1..1026:rRNA	1390	rRNA	
URS0000000033	RFAM	RF00177	1390	rRNA	
URS0000000033	SILVA	GU181235.1	1390	rRNA	rrn
URS0000000034	SILVA	DQ201672.1	152509	rRNA	rrn
URS0000000034	RFAM	RF00177	152509	rRNA	
URS0000000034	ENA	DQ201672.1:1..501:rRNA	152509	rRNA	
URS0000000035	SILVA	HM442747.1	152509	rRNA	rrn
URS0000000035	ENA	HM442747.1:1..594:rRNA	152509	rRNA	
URS0000000035	RFAM	RF00177	152509	rRNA	
URS0000000036	GREENGENES	4466284	58123	rRNA	rrn
URS0000000036	SILVA	D85498.1	58123	rRNA	rrn
URS0000000036	REFSEQ	NR_036832	58123	rRNA	
URS0000000036	RFAM	RF00177	58123	rRNA	
URS0000000036	ENA	D85498.1:1..1476:rRNA	58123	rRNA	
URS0000000037	SILVA	KC357860.1	859192	rRNA	rrn
URS0000000037	ENA	KC357860.1:1..1090:rRNA	859192	rRNA	
URS0000000038	ENA	GU492949.1:1..485:rRNA	77133	rRNA	
URS0000000038	SILVA	GU492949.1	77133	rRNA	rrn
URS0000000039	ENA	EU102706.1:1..129:rRNA	3652	rRNA	
URS000000003A	ENA	HM928216.1:1..492:rRNA	212696	rRNA	
URS000000003A	SILVA	HM928216.1	212696	rRNA	rrn
URS000000003C	ENA	AB067741.1:1..58:rRNA	72228	rRNA	
URS000000003C	ENA	AB067749.1:1..58:rRNA	72228	rRNA	
URS000000003C	RFAM	RF01960	72228	rRNA	
URS000000003C	RFAM	RF01960	72228	rRNA	
URS000000003C	ENA	AB067748.1:1..58:rRNA	72228	rRNA	
URS000000003C	RFAM	RF01960	72228	rRNA	
URS000000003D	SILVA	JQ961604.2	114710	rRNA	rrn
URS000000003D	ENA	JQ961604.2:1..512:rRNA	114710	rRNA	
URS000000003E	ENA	DQ757118.1:1..30:ncRNA	10116	piRNA	
URS000000003F	SILVA	JN450119.1	155900	rRNA	rrn
URS000000003F	ENA	JN450119.1:1..1364:rRNA	155900	rRNA	
URS0000000040	ENA	JN220444.1:1..446:rRNA	155900	rRNA	
URS0000000040	RFAM	RF00177	155900	rRNA	
URS0000000040	SILVA	JN220444.1	155900	rRNA	rrn
URS0000000041	ENA	JX524785.1:632..687:rRNA	253017	rRNA	
URS0000000041	ENA	FJ606749.1:651..706:rRNA	48386	rRNA	
URS0000000041	ENA	KP294353.1:685..740:rRNA	1685714	rRNA	
URS0000000041	ENA	JX524795.1:632..687:rRNA	253017	rRNA	
URS0000000041	ENA	JX524790.1:632..687:rRNA	253017	rRNA	
URS0000000041	ENA	JX524793.1:632..687:rRNA	253017	rRNA	
URS0000000041	ENA	JX524789.1:632..687:rRNA	253017	rRNA	
URS0000000041	ENA	JX524787.1:632..687:rRNA	253017	rRNA	
URS0000000041	ENA	JX524796.1:632..687:rRNA	253017	rRNA	
URS0000000041	ENA	FJ593176.1:651..706:rRNA	591396	rRNA	
URS0000000041	ENA	JX524794.1:632..687:rRNA	253017	rRNA	
URS0000000041	ENA	JX524784.1:632..687:rRNA	253017	rRNA	
URS0000000041	ENA	JX524786.1:632..687:rRNA	253017	rRNA	
URS0000000041	ENA	KJ189026.1:716..771:rRNA	199602	rRNA	
URS0000000041	ENA	KJ189029.1:715..770:rRNA	199604	rRNA	
URS0000000041	ENA	JX524800.1:632..687:rRNA	253017	rRNA	
URS0000000041	ENA	JX524801.1:632..687:rRNA	253017	rRNA	
URS0000000041	ENA	JX524797.1:632..687:rRNA	253017	rRNA	
URS0000000041	ENA	FJ593177.1:656..711:rRNA	591397	rRNA	
URS0000000041	ENA	JX524791.1:632..687:rRNA	253017	rRNA	
URS0000000041	ENA	JX524788.1:632..687:rRNA	253017	rRNA	
URS0000000041	ENA	JX524798.1:632..687:rRNA	253017	rRNA	
URS0000000041	ENA	JX524799.1:632..687:rRNA	253017	rRNA	
URS0000000041	ENA	JX524792.1:632..687:rRNA	253017	rRNA	
URS0000000042	ENA	EF278642.1:1..100:rRNA	77133	rRNA	
URS0000000042	ENA	EF308509.1:1..100:rRNA	77133	rRNA	
URS0000000042	RFAM	RF00177	77133	rRNA	
URS0000000042	RFAM	RF00177	77133	rRNA	
URS0000000043	SILVA	JF164024.1	77133	rRNA	rrn
URS0000000043	ENA	JF164024.1:1..1372:rRNA	77133	rRNA	
URS0000000043	RFAM	RF00177	77133	rRNA	
URS0000000043	GREENGENES	1085440	77133	rRNA	rrn
URS0000000044	ENA	LWCO01000210.1:15604..15689:tRNA	172827	tRNA	
URS0000000044	ENA	CP001743.1:1154587..1154672:tRNA	504728	tRNA	
URS0000000044	ENA	JXOP01000045.1:7124..7209:tRNA	277	tRNA	
URS0000000044	ENA	CP005385.1:1087611..1087696:tRNA	504728	tRNA	
URS0000000045	RFAM	RF00177	77133	rRNA	
URS0000000045	ENA	DQ830628.1:1..810:rRNA	77133	rRNA	
URS0000000045	SILVA	DQ830628.1	77133	rRNA	rrn
URS0000000046	RFAM	RF00177	77133	rRNA	
URS0000000046	SILVA	GQ492992.1	77133	rRNA	rrn
URS0000000046	ENA	GQ492992.1:1..1357:rRNA	77133	rRNA	
URS0000000047	RFAM	RF00177	77133	rRNA	
URS0000000047	SILVA	GU622597.1	77133	rRNA	rrn
URS0000000047	ENA	GU622597.1:1..353:rRNA	77133	rRNA	
URS0000000048	ENA	GQ937713.1:1..238:rRNA	77133	rRNA	
URS0000000048	RFAM	RF00177	77133	rRNA	
URS0000000049	ENA	HQ530958.1:1..774:rRNA	86473	rRNA	
URS0000000049	SILVA	HQ530958.1	86473	rRNA	rrn
URS0000000049	RFAM	RF00177	86473	rRNA	
URS000000004A	ENA	GU423485.1:1..501:rRNA	1309	rRNA	
URS000000004A	RFAM	RF00177	1309	rRNA	
URS000000004A	SILVA	GU423485.1	1309	rRNA	rrn
URS000000004B	ENA	AF004971.1:1..109:rRNA	42330	rRNA	
URS000000004C	RFAM	RF00177	164851	rRNA	
URS000000004C	SILVA	JF388996.1	164851	rRNA	rrn
URS000000004C	ENA	JF388996.1:1..493:rRNA	164851	rRNA	
URS000000004D	ENA	FJ732726.1:1..197:rRNA	77133	rRNA	
URS000000004E	RFAM	RF02543	356179	rRNA	
URS000000004E	SILVA	DQ283502.1	356179	rRNA	rrn
URS000000004E	ENA	DQ283502.1:1..769:rRNA	356179	rRNA	
URS000000004F	SILVA	JX721710.1	77133	rRNA	rrn
URS000000004F	ENA	JX721710.1:1..444:rRNA	77133	rRNA	
URS0000000050	ENA	HE576755.1:87605..87705:tRNA	1064592	tRNA	NCAS0Dtrna2S
URS0000000051	ENA	HQ847065.1:1..1249:rRNA	979820	rRNA	
URS0000000051	SILVA	HQ847065.1	979820	rRNA	rrn
URS0000000053	ENA	JX689011.1:1..222:rRNA	77133	rRNA	
URS0000000054	ENA	HF564168.1:1..185:rRNA	152509	rRNA	16S rRNA
URS0000000055	LNCIPEDIA	lnc-RAB23-2:2	9606	lncRNA	lnc-RAB23-2
URS0000000055	ENA	HG499324.1:1..699:ncRNA	9606	lncRNA	RP11-203B9.4
URS0000000055	VEGA	OTTHUMT00000458740	9606	antisense_RNA	RP11-203B9.4
URS0000000055	VEGA	OTTHUMG00000014917	9606	antisense_RNA	RP11-203B9.4
URS0000000055	NONCODE	NONHSAT113286.2	9606	lncRNA	NONHSAG044006.2
URS0000000056	ENA	DQ605871.1:1..30:ncRNA	10116	piRNA	
URS0000000057	SILVA	KF733367.1	1446334	rRNA	rrn
URS0000000057	SILVA	KF733366.1	1446333	rRNA	rrn
URS0000000057	ENA	KF733367.1:1..535:rRNA	1446334	rRNA	
URS0000000057	ENA	KF733366.1:1..535:rRNA	1446333	rRNA	
URS0000000059	ENA	HM856638.1:10805..10868:tRNA	85051	tRNA	trnV
URS000000005B	RFAM	RF01960	401260	rRNA	
URS000000005B	ENA	DQ975470.1:1..1755:rRNA	401260	rRNA	
URS000000005B	SILVA	DQ975470.1	401260	rRNA	rrn
URS000000005C	ENA	HQ089692.1:1..474:rRNA	239732	rRNA	
URS000000005C	RFAM	RF00177	239732	rRNA	
URS000000005C	SILVA	HQ089692.1	239732	rRNA	rrn
URS000000005D	SILVA	HM838796.1	77133	rRNA	rrn
URS000000005D	RFAM	RF00177	77133	rRNA	
URS000000005D	GREENGENES	718201	77133	rRNA	rrn
URS000000005D	ENA	HM838796.1:1..1342:rRNA	77133	rRNA	
URS000000005E	ENA	GQ964639.1:1..233:rRNA	77133	rRNA	
URS0000000060	ENA	JN834863.1:1..883:rRNA	541003	rRNA	
URS0000000060	SILVA	JN834863.1	541003	rRNA	rrn
URS0000000062	SILVA	KF817582.1	114707	rRNA	rrn
URS0000000062	ENA	KF817582.1:1..420:rRNA	114707	rRNA	
URS0000000063	ENA	M60936.1:1..200:rRNA	1575	rRNA	5S rRNA
URS0000000064	ENA	DQ626500.1:1..29:ncRNA	10116	piRNA	
URS0000000065	SILVA	EU198178.1	77133	rRNA	rrn
URS0000000065	RFAM	RF00177	77133	rRNA	
URS0000000065	ENA	EU198178.1:1..743:rRNA	77133	rRNA	
URS0000000066	SILVA	HQ085236.1	183760	rRNA	rrn
URS0000000066	RFAM	RF01959	183760	rRNA	
URS0000000066	ENA	HQ085236.1:1..452:rRNA	183760	rRNA	
URS0000000067	SILVA	DQ670978.1	86473	rRNA	rrn
URS0000000067	RFAM	RF00177	86473	rRNA	
URS0000000067	ENA	DQ670978.1:1..396:rRNA	86473	rRNA	
URS0000000068	ENA	AB273770.1:1..821:rRNA	77133	rRNA	
URS0000000068	SILVA	AB273770.1	77133	rRNA	rrn
URS0000000068	RFAM	RF00177	77133	rRNA	
URS0000000069	RFAM	RF00177	77133	rRNA	
URS0000000069	ENA	FJ246204.1:1..207:rRNA	77133	rRNA	
URS0000000069	ENA	FJ246686.1:1..207:rRNA	77133	rRNA	
URS0000000069	RFAM	RF00177	77133	rRNA	
URS0000000069	RFAM	RF00177	77133	rRNA	
URS0000000069	ENA	FJ245968.1:1..207:rRNA	77133	rRNA	
URS0000000069	RFAM	RF00177	77133	rRNA	
URS0000000069	ENA	FJ246624.1:1..207:rRNA	77133	rRNA	
URS0000000069	ENA	FJ246902.1:1..207:rRNA	77133	rRNA	
URS0000000069	RFAM	RF00177	77133	rRNA	
URS000000006A	RFAM	RF01959	115547	rRNA	
URS000000006A	ENA	GU366915.1:1..850:rRNA	115547	rRNA	
URS000000006A	SILVA	GU366915.1	115547	rRNA	rrn
URS000000006B	GREENGENES	766493	160804	rRNA	rrn
URS000000006B	RFAM	RF00177	160804	rRNA	
URS000000006B	ENA	GQ375001.1:1..1444:rRNA	160804	rRNA	
URS000000006B	SILVA	GQ375001.1	160804	rRNA	rrn
URS000000006E	SILVA	FJ867636.1	231055	rRNA	rrn
URS000000006E	RFAM	RF01960	231055	rRNA	
URS000000006E	ENA	FJ867636.1:1..508:rRNA	231055	rRNA	
URS000000006F	ENA	KF245479.1:1..1471:rRNA	691	rRNA	
URS000000006F	SILVA	KF245479.1	691	rRNA	rrn
URS0000000070	ENA	AB288903.1:1..1363:rRNA	77133	rRNA	
URS0000000070	GREENGENES	201514	77133	rRNA	rrn
URS0000000070	RFAM	RF00177	77133	rRNA	
URS0000000070	SILVA	AB288903.1	77133	rRNA	rrn
URS0000000071	ENA	JN443100.1:1..1386:rRNA	155900	rRNA	
URS0000000071	SILVA	JN443100.1	155900	rRNA	rrn
URS0000000071	GREENGENES	4472672	155900	rRNA	rrn
URS0000000072	ENA	JQ211551.1:1..1360:rRNA	77133	rRNA	
URS0000000073	SILVA	EU639002.1	427677	rRNA	rrn
URS0000000073	GREENGENES	351419	427677	rRNA	rrn
URS0000000073	ENA	EU639002.1:1..1364:rRNA	427677	rRNA	
URS0000000073	RFAM	RF00177	427677	rRNA	
URS0000000074	ENA	DQ711587.1:1..27:ncRNA	10090	piRNA	
URS0000000075	ENA	FN794753.1:1..155:rRNA	77133	rRNA	16S rRNA
URS0000000075	RFAM	RF00177	77133	rRNA	
URS0000000075	RFAM	RF00177	77133	rRNA	
URS0000000075	ENA	FN794717.1:1..155:rRNA	77133	rRNA	16S rRNA
URS0000000076	SILVA	HM533951.1	77133	rRNA	rrn
URS0000000076	ENA	HM533951.1:1..508:rRNA	77133	rRNA	
URS0000000077	ENA	JN371423.1:1..578:rRNA	152509	rRNA	
URS0000000077	SILVA	JN371423.1	152509	rRNA	rrn
URS0000000077	RFAM	RF00177	152509	rRNA	
URS0000000078	ENA	FJ809751.1:5867..7172:rRNA	52372	rRNA	
URS0000000079	ENA	AY547825.1:1..699:rRNA	77133	rRNA	
URS0000000079	SILVA	AY547825.1	77133	rRNA	rrn
URS0000000079	RFAM	RF00177	77133	rRNA	
URS000000007A	REFSEQ	NR_116248	487049	rRNA	
URS000000007A	GREENGENES	257662	487049	rRNA	rrn
URS000000007A	ENA	EU219865.1:1..1492:rRNA	487049	rRNA	
URS000000007A	RFAM	RF00177	487049	rRNA	
URS000000007A	SILVA	EU219865.1	487049	rRNA	rrn
URS000000007B	ENA	AAHK01001214.1:2770..2830:ncRNA	5693	snoRNA	
URS000000007C	ENA	AICH01000095.1:1..66:tRNA	904785	tRNA	
URS000000007D	ENA	EU773111.1:1..1392:rRNA	77133	rRNA	
URS000000007D	SILVA	EU773111.1	77133	rRNA	rrn
URS000000007E	SILVA	HQ805288.1	155900	rRNA	rrn
URS000000007E	GREENGENES	3875219	155900	rRNA	rrn
URS000000007E	ENA	HQ805288.1:1..1474:rRNA	155900	rRNA	
URS000000007F	ENA	EU189133.1:72365..72485:rRNA	437280	rRNA	rrn5
URS000000007F	ENA	EU189133.1:63009..63129:rRNA	437280	rRNA	rrn5
URS0000000080	RFAM	RF01960	77707	rRNA	
URS0000000080	ENA	EF189626.1:1..2221:rRNA	77707	rRNA	
URS0000000081	ENA	DQ948590.1:1..24:ncRNA	3702	siRNA	
URS0000000082	ENA	AB505074.1:1..1626:rRNA	648108	rRNA	
URS0000000082	RFAM	RF01960	648108	rRNA	
URS0000000082	SILVA	AB505074.1	648108	rRNA	rrn
URS0000000084	ENA	AY562186.1:766..832:tRNA	74936	tRNA	trnS
URS0000000085	ENA	CH479180.1:1745491..1745569:ncRNA	7234	snoRNA	Dper\snoRNA:GL27994
URS0000000085	ENA	CH379060.3:272327..272405:ncRNA	46245	snoRNA	Dpse\snoRNA:GA29941
URS0000000086	ENA	AY237222.1:1..93:rRNA	31281	rRNA	
URS0000000086	ENA	AY237218.1:1..93:rRNA	31281	rRNA	
URS0000000086	ENA	AY237223.1:1..93:rRNA	31281	rRNA	
URS0000000086	ENA	AY237221.1:1..93:rRNA	31281	rRNA	
URS0000000086	ENA	AY237219.1:1..93:rRNA	31281	rRNA	
URS0000000086	ENA	AY237210.1:1..93:rRNA	31281	rRNA	
URS0000000086	ENA	AY237224.1:1..93:rRNA	31281	rRNA	
URS0000000086	ENA	DQ425107.1:1..93:rRNA	31281	rRNA	
URS0000000086	ENA	AY237225.1:1..93:rRNA	31281	rRNA	
URS0000000086	ENA	AY237212.1:1..93:rRNA	31281	rRNA	
URS0000000086	ENA	AY237209.1:1..93:rRNA	31281	rRNA	
URS0000000086	ENA	DQ885580.1:1..93:rRNA	31281	rRNA	
URS0000000086	ENA	AY237220.1:1..93:rRNA	31281	rRNA	
URS0000000086	ENA	AY237216.1:1..93:rRNA	31281	rRNA	
URS0000000086	ENA	DQ885586.1:1..93:rRNA	31281	rRNA	
URS0000000086	ENA	DQ885587.1:1..93:rRNA	31281	rRNA	
URS0000000086	ENA	AY237211.1:1..93:rRNA	31281	rRNA	
URS0000000086	ENA	DQ425108.1:1..93:rRNA	31281	rRNA	
URS0000000086	ENA	AY237214.1:1..93:rRNA	31281	rRNA	
URS0000000086	ENA	AY237213.1:1..93:rRNA	31281	rRNA	
URS0000000086	ENA	DQ885584.1:1..93:rRNA	31281	rRNA	
URS0000000086	ENA	AY237215.1:1..93:rRNA	31281	rRNA	
URS0000000086	ENA	AY237217.1:1..93:rRNA	31281	rRNA	
URS0000000086	ENA	DQ885579.1:1..93:rRNA	31281	rRNA	
URS0000000087	RFAM	RF00177	77133	rRNA	
URS0000000087	ENA	GU545583.1:1..471:rRNA	77133	rRNA	
URS0000000087	SILVA	GU545583.1	77133	rRNA	rrn
URS0000000088	ENA	DQ708001.1:1..30:ncRNA	10090	piRNA	
URS0000000089	SILVA	JN018659.1	77133	rRNA	rrn
URS0000000089	RFAM	RF00177	77133	rRNA	
URS0000000089	ENA	JN018659.1:1..1385:rRNA	77133	rRNA	
URS0000000089	GREENGENES	4429621	77133	rRNA	rrn
URS000000008A	ENA	EF614858.1:1..1348:rRNA	77133	rRNA	
URS000000008A	SILVA	EF614858.1	77133	rRNA	rrn
URS000000008A	RFAM	RF00177	77133	rRNA	
URS000000008B	RFAM	RF00177	77133	rRNA	
URS000000008B	ENA	AB657223.1:1..883:rRNA	77133	rRNA	
URS000000008B	SILVA	AB657223.1	77133	rRNA	rrn
URS000000008C	ENA	DQ553060.1:1..30:ncRNA	10090	piRNA	
URS000000008E	SILVA	AF151237.1	115414	rRNA	rrn
URS000000008E	ENA	AF151237.1:1..687:rRNA	115414	rRNA	
URS000000008F	ENA	HE649368.1:1..629:misc_RNA	535364	misc_RNA	
URS0000000090	ENA	KC674082.1:1..1742:rRNA	175245	rRNA	
URS0000000090	SILVA	KC674082.1	175245	rRNA	rrn
URS0000000092	ENA	JX881734.1:1..1473:rRNA	77133	rRNA	
URS0000000092	SILVA	JX881734.1	77133	rRNA	rrn
URS0000000093	RFAM	RF00177	77133	rRNA	
URS0000000093	ENA	FJ254597.1:1..209:rRNA	77133	rRNA	
URS0000000094	ENA	GU497186.1:1..392:rRNA	77133	rRNA	
URS0000000094	SILVA	GU497186.1	77133	rRNA	rrn
URS0000000095	ENA	FJ508469.1:1..1366:rRNA	77133	rRNA	
URS0000000095	RFAM	RF00177	77133	rRNA	
URS0000000095	GREENGENES	842696	77133	rRNA	rrn
URS0000000095	SILVA	FJ508469.1	77133	rRNA	rrn
URS0000000096	ENA	DQ583192.1:1..30:ncRNA	9606	piRNA	
URS0000000097	SILVA	EF511274.1	77133	rRNA	rrn
URS0000000097	ENA	EF511274.1:1..1479:rRNA	77133	rRNA	
URS0000000097	RFAM	RF00177	77133	rRNA	
URS0000000097	GREENGENES	219378	77133	rRNA	rrn
URS0000000098	ENA	EF445032.1:85668..85778:ncRNA	9606	Y_RNA	
URS0000000099	ENA	FN436085.1:1..1501:rRNA	77133	rRNA	16S rRNA
URS0000000099	RFAM	RF00177	77133	rRNA	
URS0000000099	GREENGENES	760111	77133	rRNA	rrn
URS0000000099	SILVA	FN436085.1	77133	rRNA	rrn
URS000000009A	ENA	AM158575.1:1..461:rRNA	187299	rRNA	18S rRNA
URS000000009A	SILVA	AM158575.1	187299	rRNA	rrn
URS000000009A	RFAM	RF01960	187299	rRNA	
URS000000009B	SILVA	EU630620.1	157278	rRNA	rrn
URS000000009B	ENA	EU630620.1:1..766:rRNA	157278	rRNA	
URS000000009B	RFAM	RF00177	157278	rRNA	
URS000000009D	ENA	DQ546046.1:1..28:ncRNA	10090	piRNA	
URS000000009E	RFAM	RF00177	194844	rRNA	
URS000000009E	SILVA	HQ043955.1	194844	rRNA	rrn
URS000000009E	ENA	HQ043955.1:1..450:rRNA	194844	rRNA	
URS000000009F	ENA	JF128349.1:1..1369:rRNA	77133	rRNA	
URS000000009F	GREENGENES	1020802	77133	rRNA	rrn
URS000000009F	RFAM	RF00177	77133	rRNA	
URS000000009F	SILVA	JF128349.1	77133	rRNA	rrn
URS00000000A0	GREENGENES	4327913	77133	rRNA	rrn
URS00000000A0	SILVA	AB364864.1	77133	rRNA	rrn
URS00000000A0	ENA	AB364864.1:1..1508:rRNA	77133	rRNA	
URS00000000A1	ENA	JF172026.1:1..1358:rRNA	77133	rRNA	
URS00000000A1	SILVA	JF172026.1	77133	rRNA	rrn
URS00000000A1	GREENGENES	961048	77133	rRNA	rrn
URS00000000A1	RFAM	RF00177	77133	rRNA	
URS00000000A3	ENA	FJ484943.1:1..1336:rRNA	152509	rRNA	
URS00000000A3	SILVA	FJ484943.1	152509	rRNA	rrn
URS00000000A3	RFAM	RF00177	152509	rRNA	
URS00000000A4	SILVA	JN476157.1	155900	rRNA	rrn
URS00000000A4	ENA	JN476157.1:1..587:rRNA	155900	rRNA	
URS00000000A5	ENA	HQ295388.1:1..197:rRNA	77133	rRNA	
URS00000000A6	ENA	JX543797.1:1..468:rRNA	77133	rRNA	
URS00000000A6	SILVA	JX543786.1	77133	rRNA	rrn
URS00000000A6	SILVA	JX543797.1	77133	rRNA	rrn
URS00000000A6	ENA	JX543786.1:1..468:rRNA	77133	rRNA	
URS00000000A6	ENA	JX543566.1:1..468:rRNA	77133	rRNA	
URS00000000A6	SILVA	JX543566.1	77133	rRNA	rrn
URS00000000A7	SILVA	JQ382529.2	77133	rRNA	rrn
URS00000000A7	ENA	JQ382529.2:1..755:rRNA	77133	rRNA	
URS00000000A8	ENA	FJ366929.1:1..1338:rRNA	77133	rRNA	
URS00000000A8	GREENGENES	361813	77133	rRNA	rrn
URS00000000A8	SILVA	FJ366929.1	77133	rRNA	rrn
URS00000000A8	RFAM	RF00177	77133	rRNA	
URS00000000A9	RFAM	RF01959	115547	rRNA	
URS00000000A9	ENA	GU889975.1:1..265:rRNA	115547	rRNA	
URS00000000AA	ENA	HQ694303.1:1..741:rRNA	1423	rRNA	
URS00000000AA	RFAM	RF00177	1423	rRNA	
URS00000000AA	SILVA	HQ694303.1	1423	rRNA	rrn
URS00000000AB	ENA	HE659274.1:1..884:rRNA	77133	rRNA	16S rRNA
URS00000000AB	SILVA	HE659274.1	77133	rRNA	rrn
URS00000000AE	ENA	HM700809.1:1..446:rRNA	77133	rRNA	
URS00000000AE	RFAM	RF00177	77133	rRNA	
URS00000000AE	ENA	HM665113.1:1..446:rRNA	77133	rRNA	
URS00000000AE	SILVA	HM665113.1	77133	rRNA	rrn
URS00000000AE	RFAM	RF00177	77133	rRNA	
URS00000000AE	SILVA	HM700809.1	77133	rRNA	rrn
URS00000000AF	ENA	FN787804.1:1..164:rRNA	77133	rRNA	16S rRNA
URS00000000AF	RFAM	RF00177	77133	rRNA	
URS00000000B0	ENA	FR749737.1:1..1490:rRNA	203437	rRNA	16S rRNA
URS00000000B0	GREENGENES	941927	203437	rRNA	rrn
URS00000000B0	SILVA	FR749737.1	203437	rRNA	rrn
URS00000000B0	RFAM	RF00177	203437	rRNA	
URS00000000B1	ENA	HQ083982.1:1..214:rRNA	263860	rRNA	
URS00000000B1	RFAM	RF00177	263860	rRNA	
URS00000000B3	SILVA	HM534345.1	153809	rRNA	rrn
URS00000000B3	RFAM	RF00177	153809	rRNA	
URS00000000B3	ENA	HM534345.1:1..837:rRNA	153809	rRNA	
URS00000000B4	ENA	GQ123725.1:1..373:rRNA	77133	rRNA	
URS00000000B4	SILVA	GQ123725.1	77133	rRNA	rrn
URS00000000B4	ENA	GQ125392.1:1..373:rRNA	77133	rRNA	
URS00000000B4	SILVA	GQ125633.1	77133	rRNA	rrn
URS00000000B4	SILVA	GQ124786.1	77133	rRNA	rrn
URS00000000B4	ENA	GQ124786.1:1..373:rRNA	77133	rRNA	
URS00000000B4	SILVA	GQ125392.1	77133	rRNA	rrn
URS00000000B4	SILVA	GQ125544.1	77133	rRNA	rrn
URS00000000B4	ENA	GQ125544.1:1..373:rRNA	77133	rRNA	
URS00000000B4	ENA	GQ125898.1:1..373:rRNA	77133	rRNA	
URS00000000B4	ENA	GQ126670.1:1..373:rRNA	77133	rRNA	
URS00000000B4	SILVA	GQ126670.1	77133	rRNA	rrn
URS00000000B4	ENA	GQ125633.1:1..373:rRNA	77133	rRNA	
URS00000000B4	SILVA	GQ125898.1	77133	rRNA	rrn
URS00000000B5	RFAM	RF00177	77133	rRNA	
URS00000000B5	ENA	EU730223.1:1..838:rRNA	77133	rRNA	
URS00000000B5	SILVA	EU730223.1	77133	rRNA	rrn
URS00000000B6	ENA	HM988036.1:1..409:rRNA	174390	rRNA	
URS00000000B6	RFAM	RF00177	174390	rRNA	
URS00000000B6	SILVA	HM988036.1	174390	rRNA	rrn
URS00000000B8	ENA	JF480108.1:1..258:rRNA	159271	rRNA	
URS00000000B9	ENA	JN023232.1:1..1457:rRNA	77133	rRNA	
URS00000000B9	RFAM	RF00177	77133	rRNA	
URS00000000B9	SILVA	JN023232.1	77133	rRNA	rrn
URS00000000BA	ENA	KC493629.1:5509..5574:tRNA	72366	tRNA	
URS00000000BA	ENA	KF751706.1:5508..5573:tRNA	72366	tRNA	
URS00000000BA	ENA	KC012450.1:5513..5578:tRNA	72366	tRNA	
URS00000000BB	SILVA	AM884367.1	470055	rRNA	rrn
URS00000000BB	RFAM	RF00177	470055	rRNA	
URS00000000BB	ENA	AM884367.1:1..588:rRNA	470055	rRNA	16S rRNA
URS00000000BC	SILVA	GU514265.1	77133	rRNA	rrn
URS00000000BC	RFAM	RF00177	77133	rRNA	
URS00000000BC	ENA	GU514265.1:1..473:rRNA	77133	rRNA	
URS00000000BD	SILVA	AJ489355.1	163668	rRNA	rrn
URS00000000BD	ENA	AJ489355.1:1..412:rRNA	163668	rRNA	16S rRNA
URS00000000BD	RFAM	RF00177	163668	rRNA	
URS00000000BE	RFAM	RF00177	77133	rRNA	
URS00000000BE	ENA	GQ965361.1:1..231:rRNA	77133	rRNA	
URS00000000BF	RFAM	RF00177	77133	rRNA	
URS00000000BF	SILVA	JF659161.1	77133	rRNA	rrn
URS00000000BF	ENA	JF659161.1:1..517:rRNA	77133	rRNA	
URS00000000C0	SILVA	HM264327.1	77133	rRNA	rrn
URS00000000C0	ENA	HM264327.1:1..1348:rRNA	77133	rRNA	
URS00000000C0	RFAM	RF00177	77133	rRNA	
URS00000000C0	GREENGENES	726280	77133	rRNA	rrn
URS00000000C2	SILVA	AB456252.1	77133	rRNA	rrn
URS00000000C2	RFAM	RF00177	77133	rRNA	
URS00000000C2	ENA	AB456252.1:1..1000:rRNA	77133	rRNA	
URS00000000C3	ENA	JQ510689.1:1..331:rRNA	77133	rRNA	
URS00000000C3	SILVA	JQ510689.1	77133	rRNA	rrn
URS00000000C4	ENA	GQ103566.1:1..1350:rRNA	77133	rRNA	
URS00000000C4	SILVA	GQ103566.1	77133	rRNA	rrn
URS00000000C4	RFAM	RF00177	77133	rRNA	
URS00000000C4	GREENGENES	442346	77133	rRNA	rrn
URS00000000C5	ENA	HM532699.1:1..386:rRNA	860786	rRNA	
URS00000000C5	RFAM	RF00177	860786	rRNA	
URS00000000C5	SILVA	HM532699.1	860786	rRNA	rrn
URS00000000C6	ENA	JF634676.1:1..483:rRNA	77133	rRNA	
URS00000000C6	RFAM	RF00177	77133	rRNA	
URS00000000C6	SILVA	JF634676.1	77133	rRNA	rrn
URS00000000C7	ENA	GU061019.1:1..1335:rRNA	685618	rRNA	
URS00000000C7	SILVA	GU061019.1	685618	rRNA	rrn
URS00000000C7	RFAM	RF00177	685618	rRNA	
URS00000000C8	RFAM	RF00177	164851	rRNA	
URS00000000C8	SILVA	JF369838.1	164851	rRNA	rrn
URS00000000C8	ENA	JF369838.1:1..409:rRNA	164851	rRNA	
URS00000000C9	NONCODE	NONHSAT102695.2	9606	lncRNA	NONHSAG040980.2
URS00000000C9	ENA	HG498213.1:1..1754:ncRNA	9606	lncRNA	CTC-454M9.1
URS00000000C9	VEGA	OTTHUMT00000369795	9606	antisense_RNA	CTC-454M9.1
URS00000000C9	VEGA	OTTHUMG00000162630	9606	antisense_RNA	CTC-454M9.1
URS00000000C9	LNCIPEDIA	lnc-RASA1-7:5	9606	lncRNA	lnc-RASA1-7
URS00000000CA	ENA	FJ570110.1:1..656:rRNA	171953	rRNA	
URS00000000CA	SILVA	FJ570110.1	171953	rRNA	rrn
URS00000000CA	RFAM	RF00177	171953	rRNA	
URS00000000CB	SILVA	JX808858.1	77133	rRNA	rrn
URS00000000CB	ENA	JX808858.1:1..471:rRNA	77133	rRNA	
URS00000000CC	ENA	GU405282.1:1..488:rRNA	29466	rRNA	
URS00000000CC	SILVA	GU405282.1	29466	rRNA	rrn
URS00000000CC	RFAM	RF00177	29466	rRNA	
URS00000000CD	RFAM	RF00177	401438	rRNA	
URS00000000CD	ENA	AM397442.1:1..721:rRNA	401438	rRNA	16S rRNA
URS00000000CD	SILVA	AM397442.1	401438	rRNA	rrn
URS00000000CE	GREENGENES	433199	77133	rRNA	rrn
URS00000000CE	SILVA	GQ032327.1	77133	rRNA	rrn
URS00000000CE	RFAM	RF00177	77133	rRNA	
URS00000000CE	ENA	GQ032327.1:1..1367:rRNA	77133	rRNA	
URS00000000CF	RFAM	RF00177	77133	rRNA	
URS00000000CF	ENA	HM697695.1:1..443:rRNA	77133	rRNA	
URS00000000CF	SILVA	HM697695.1	77133	rRNA	rrn
URS00000000CF	SILVA	HM740833.1	77133	rRNA	rrn
URS00000000CF	ENA	HM740833.1:1..443:rRNA	77133	rRNA	
URS00000000CF	RFAM	RF00177	77133	rRNA	
URS00000000D0	ENA	FJ657677.1:1..811:rRNA	77133	rRNA	
URS00000000D0	SILVA	FJ657677.1	77133	rRNA	rrn
URS00000000D0	RFAM	RF00177	77133	rRNA	
URS00000000D1	SILVA	EF702007.1	297314	rRNA	rrn
URS00000000D1	ENA	EF702007.1:1..690:rRNA	297314	rRNA	
URS00000000D1	RFAM	RF00177	297314	rRNA	
URS00000000D2	ENA	DQ587897.1:1..30:ncRNA	9606	piRNA	
URS00000000D3	ENA	JN570182.1:1..225:rRNA	77133	rRNA	
URS00000000D4	ENA	JX005983.1:1..618:rRNA	175245	rRNA	
URS00000000D4	ENA	JQ267416.1:1..618:rRNA	175245	rRNA	
URS00000000D4	SILVA	JX005983.1	175245	rRNA	rrn
URS00000000D4	SILVA	JQ267416.1	175245	rRNA	rrn
URS00000000D6	ENA	JX741162.1:1..223:rRNA	77133	rRNA	
URS00000000D7	ENA	DQ624481.1:1..29:ncRNA	10116	piRNA	
URS00000000D8	ENA	HM141938.1:1..549:rRNA	77133	rRNA	
URS00000000D8	SILVA	HM141938.1	77133	rRNA	rrn
URS00000000D8	RFAM	RF00177	77133	rRNA	
URS00000000D9	ENA	DQ548625.1:1..30:ncRNA	10090	piRNA	
URS00000000DA	SILVA	KC696930.1	77133	rRNA	rrn
URS00000000DA	ENA	KC696930.1:1..360:rRNA	77133	rRNA	
URS00000000DB	SILVA	FJ800221.1	77133	rRNA	rrn
URS00000000DB	RFAM	RF00177	77133	rRNA	
URS00000000DB	ENA	FJ800221.1:1..915:rRNA	77133	rRNA	
URS00000000DC	SILVA	JQ453821.1	77133	rRNA	rrn
URS00000000DC	ENA	JQ453821.1:1..1384:rRNA	77133	rRNA	
URS00000000DD	ENA	AB028343.1:1..487:rRNA	96123	rRNA	
URS00000000DD	SILVA	AB028343.1	96123	rRNA	rrn
URS00000000DD	RFAM	RF00177	96123	rRNA	
URS00000000DE	ENA	AB459895.1:1..725:rRNA	77133	rRNA	
URS00000000DE	SILVA	AB459895.1	77133	rRNA	rrn
URS00000000DE	RFAM	RF00177	77133	rRNA	
URS00000000E0	ENA	JQ462560.1:1..1428:rRNA	77133	rRNA	
URS00000000E0	SILVA	JQ462560.1	77133	rRNA	rrn
URS00000000E2	ENA	HQ066594.1:1..397:rRNA	166587	rRNA	
URS00000000E2	RFAM	RF00177	166587	rRNA	
URS00000000E2	SILVA	HQ066594.1	166587	rRNA	rrn
URS00000000E3	ENA	GU518397.1:1..494:rRNA	77133	rRNA	
URS00000000E3	RFAM	RF00177	77133	rRNA	
URS00000000E3	SILVA	GU518397.1	77133	rRNA	rrn
URS00000000E4	RFAM	RF00177	152509	rRNA	
URS00000000E4	SILVA	GQ893534.1	152509	rRNA	rrn
URS00000000E4	ENA	GQ893534.1:1..419:rRNA	152509	rRNA	
URS00000000E5	SILVA	JN489138.1	155900	rRNA	rrn
URS00000000E5	ENA	JN489138.1:1..1309:rRNA	155900	rRNA	
URS00000000E6	ENA	GU640326.1:1..301:rRNA	77133	rRNA	
URS00000000E6	SILVA	GU640326.1	77133	rRNA	rrn
URS00000000E6	RFAM	RF00177	77133	rRNA	
URS00000000E7	SILVA	AF375841.1	160252	rRNA	rrn
URS00000000E7	ENA	AF375841.1:1..604:rRNA	160252	rRNA	
URS00000000E7	RFAM	RF00177	160252	rRNA	
URS00000000E8	ENA	HM549072.2:1..516:rRNA	77133	rRNA	
URS00000000E8	RFAM	RF00177	77133	rRNA	
URS00000000E8	SILVA	HM549072.2	77133	rRNA	rrn
URS00000000E9	RFAM	RF00177	77133	rRNA	
URS00000000E9	ENA	HM242849.1:1..197:rRNA	77133	rRNA	
URS00000000EA	RFAM	RF00177	77133	rRNA	
URS00000000EA	ENA	GU579419.1:1..162:rRNA	77133	rRNA	
URS00000000EB	RFAM	RF00177	77133	rRNA	
URS00000000EB	SILVA	FJ451472.1	77133	rRNA	rrn
URS00000000EB	ENA	FJ451472.1:1..412:rRNA	77133	rRNA	
URS00000000EC	ENA	GU236482.1:572..618:rRNA	1823	rRNA	
URS00000000ED	ENA	HQ085816.1:1..466:rRNA	189996	rRNA	
URS00000000ED	SILVA	HQ085816.1	189996	rRNA	rrn
URS00000000EE	SILVA	HM073781.1	189668	rRNA	rrn
URS00000000EE	ENA	HM073781.1:1..704:rRNA	189668	rRNA	
URS00000000EE	RFAM	RF00177	189668	rRNA	
URS00000000EF	SILVA	GQ096661.1	77133	rRNA	rrn
URS00000000EF	RFAM	RF00177	77133	rRNA	
URS00000000EF	ENA	GQ096661.1:1..1350:rRNA	77133	rRNA	
URS00000000F0	ENA	JN517277.1:1..1226:rRNA	155900	rRNA	
URS00000000F0	SILVA	JN517277.1	155900	rRNA	rrn
URS00000000F1	ENA	JN346650.1:1..232:rRNA	77133	rRNA	
URS00000000F2	ENA	JQ226782.1:1..1337:rRNA	56763	rRNA	
URS00000000F2	GREENGENES	4460079	56763	rRNA	rrn
URS00000000F2	SILVA	JQ226782.1	56763	rRNA	rrn
URS00000000F3	ENA	GU613686.1:1..457:rRNA	77133	rRNA	
URS00000000F3	RFAM	RF00177	77133	rRNA	
URS00000000F3	SILVA	GU613686.1	77133	rRNA	rrn
URS00000000F4	RFAM	RF00177	239175	rRNA	
URS00000000F4	SILVA	JN424733.1	239175	rRNA	rrn
URS00000000F4	ENA	JN424733.1:1..539:rRNA	239175	rRNA	
URS00000000F6	ENA	DQ685479.1:1..28:ncRNA	10090	piRNA	
URS00000000F7	ENA	DQ568189.1:1..32:ncRNA	10090	piRNA	
URS00000000F8	SILVA	JN879564.1	115547	rRNA	rrn
URS00000000F8	ENA	JN879564.1:1..428:rRNA	115547	rRNA	
URS00000000FA	ENA	AKMZ01000085.1:3571..5098:rRNA	766151	rRNA	
URS00000000FA	SILVA	AKMZ01000085.1	766151	rRNA	rrn
URS00000000FB	ENA	JX671394.1:1..726:rRNA	77133	rRNA	
URS00000000FB	SILVA	JX671394.1	77133	rRNA	rrn
URS00000000FC	ENA	HQ524041.1:1..416:rRNA	77133	rRNA	
URS00000000FC	SILVA	HQ524041.1	77133	rRNA	rrn
URS00000000FC	RFAM	RF00177	77133	rRNA	
URS00000000FD	VEGA	OTTHUMT00000328260	9606	lncRNA	AC113618.1
URS00000000FD	VEGA	OTTHUMG00000152851	9606	lncRNA	AC113618.1
URS00000000FD	LNCIPEDIA	lnc-TWIST2-1:1	9606	lncRNA	lnc-TWIST2-1
URS00000000FD	ENA	HG495348.1:1..553:ncRNA	9606	lncRNA	AC113618.1
URS00000000FD	NONCODE	NONHSAT077765.2	9606	lncRNA	NONHSAG030952.2
URS00000000FE	ENA	DQ751801.1:1..29:ncRNA	10116	piRNA	
URS00000000FF	RFAM	RF01959	183760	rRNA	
URS00000000FF	ENA	HQ036067.1:1..244:rRNA	183760	rRNA	
URS0000000101	ENA	JQ095433.1:1..486:rRNA	77133	rRNA	
URS0000000101	SILVA	JQ095433.1	77133	rRNA	rrn
URS0000000103	ENA	FR798819.1:1..547:rRNA	77133	rRNA	16S rRNA
URS0000000103	SILVA	FR798819.1	77133	rRNA	rrn
URS0000000103	RFAM	RF00177	77133	rRNA	
URS0000000104	GREENGENES	727708	77133	rRNA	rrn
URS0000000104	ENA	HM816675.1:1..1372:rRNA	77133	rRNA	
URS0000000104	RFAM	RF00177	77133	rRNA	
URS0000000104	SILVA	HM816675.1	77133	rRNA	rrn
URS0000000105	RFAM	RF01960	175245	rRNA	
URS0000000105	SILVA	EF431065.1	175245	rRNA	rrn
URS0000000105	ENA	EF431065.1:1..344:rRNA	175245	rRNA	
URS0000000106	SILVA	AY786255.1	86027	rRNA	rrn
URS0000000106	RFAM	RF00177	86027	rRNA	
URS0000000106	ENA	AY786255.1:1..1095:rRNA	86027	rRNA	
URS0000000107	SILVA	JN944555.1	1124861	rRNA	rrn
URS0000000107	ENA	JN944555.1:1..1477:rRNA	1124861	rRNA	
URS0000000108	ENA	GU327875.1:1..370:rRNA	707704	rRNA	
URS0000000109	ENA	AB498638.1:1..1083:rRNA	639712	rRNA	
URS0000000109	SILVA	AB498638.1	639712	rRNA	rrn
URS000000010A	ENA	FJ035093.1:1..157:rRNA	77133	rRNA	
URS000000010A	RFAM	RF00177	77133	rRNA	
URS000000010B	SILVA	JF628440.1	77133	rRNA	rrn
URS000000010B	ENA	JF628440.1:1..520:rRNA	77133	rRNA	
URS000000010B	RFAM	RF00177	77133	rRNA	
URS000000010C	SILVA	JX716841.1	77133	rRNA	rrn
URS000000010C	ENA	JX716841.1:1..372:rRNA	77133	rRNA	
URS000000010D	ENA	GU061859.1:1..1448:rRNA	77133	rRNA	
URS000000010D	RFAM	RF00177	77133	rRNA	
URS000000010D	SILVA	GU061859.1	77133	rRNA	rrn
URS000000010E	ENA	HQ071883.1:1..469:rRNA	293303	rRNA	
URS000000010E	SILVA	HQ071883.1	293303	rRNA	rrn
URS000000010F	SILVA	EU491039.1	77133	rRNA	rrn
URS000000010F	RFAM	RF00177	77133	rRNA	
URS000000010F	ENA	EU491039.1:1..1499:rRNA	77133	rRNA	
URS000000010F	GREENGENES	272243	77133	rRNA	rrn
URS0000000111	ENA	DQ760872.1:1..27:ncRNA	10116	piRNA	
URS0000000112	RFAM	RF00177	77133	rRNA	
URS0000000112	SILVA	AM905680.1	77133	rRNA	rrn
URS0000000112	ENA	AM905680.1:1..428:rRNA	77133	rRNA	16S rRNA
URS0000000113	RFAM	RF00177	77133	rRNA	
URS0000000113	SILVA	HM705404.1	77133	rRNA	rrn
URS0000000113	ENA	HM705404.1:1..445:rRNA	77133	rRNA	
URS0000000114	SILVA	FJ971928.1	203449	rRNA	rrn
URS0000000114	RFAM	RF01960	203449	rRNA	
URS0000000114	ENA	FJ971928.1:1..944:rRNA	203449	rRNA	
URS0000000115	SILVA	JQ383387.2	77133	rRNA	rrn
URS0000000115	ENA	JQ383387.2:1..751:rRNA	77133	rRNA	
URS0000000116	SILVA	GQ103739.1	77133	rRNA	rrn
URS0000000116	ENA	GQ103739.1:1..1372:rRNA	77133	rRNA	
URS0000000116	GREENGENES	400880	77133	rRNA	rrn
URS0000000116	RFAM	RF00177	77133	rRNA	
URS0000000117	ENA	JF178576.1:1..1348:rRNA	77133	rRNA	
URS0000000117	SILVA	JF178576.1	77133	rRNA	rrn
URS0000000117	GREENGENES	1092868	77133	rRNA	rrn
URS0000000117	RFAM	RF00177	77133	rRNA	
URS0000000118	ENA	DQ949325.1:1..24:ncRNA	3702	siRNA	
URS0000000119	SILVA	M88466.1	1855	rRNA	rrn
URS0000000119	ENA	M88466.1:599..2107:rRNA	1855	rRNA	16S rRNA
URS000000011B	ENA	FJ010805.1:233..397:rRNA	559638	rRNA	
URS000000011C	SILVA	EF209826.1	432759	rRNA	rrn
URS000000011C	RFAM	RF01960	432759	rRNA	
URS000000011C	ENA	EF209826.1:1..1832:rRNA	432759	rRNA	
URS000000011D	ENA	EF254245.1:1..117:rRNA	77133	rRNA	
URS000000011D	RFAM	RF00177	77133	rRNA	
URS000000011E	RFAM	RF01959	115547	rRNA	
URS000000011E	ENA	GU883884.1:1..262:rRNA	115547	rRNA	
URS000000011F	ENA	DQ202575.1:1..505:rRNA	174909	rRNA	
URS0000000120	RFAM	RF01959	115547	rRNA	
URS0000000120	ENA	GU864981.1:1..262:rRNA	115547	rRNA	
URS0000000121	GREENGENES	862430	77133	rRNA	rrn
URS0000000121	ENA	FM995638.1:1..1473:rRNA	77133	rRNA	16S rRNA
URS0000000121	RFAM	RF00177	77133	rRNA	
URS0000000121	SILVA	FM995638.1	77133	rRNA	rrn
URS0000000122	ENA	JX745732.1:1..392:rRNA	77133	rRNA	
URS0000000122	SILVA	JX745732.1	77133	rRNA	rrn
URS0000000123	ENA	JQ130706.1:1..482:rRNA	77133	rRNA	
URS0000000123	SILVA	JQ130706.1	77133	rRNA	rrn
URS0000000124	RFAM	RF00177	77133	rRNA	
URS0000000124	ENA	FJ323518.1:1..208:rRNA	77133	rRNA	
URS0000000125	RFAM	RF00177	77133	rRNA	
URS0000000125	SILVA	GU521705.1	77133	rRNA	rrn
URS0000000125	ENA	GU521705.1:1..464:rRNA	77133	rRNA	
URS0000000126	SILVA	EU882415.1	577589	rRNA	rrn
URS0000000126	ENA	EU882415.1:1..308:rRNA	577589	rRNA	
URS0000000126	RFAM	RF00177	577589	rRNA	
URS0000000127	SILVA	FJ206808.1	77133	rRNA	rrn
URS0000000127	RFAM	RF00177	77133	rRNA	
URS0000000127	ENA	FJ206808.1:1..848:rRNA	77133	rRNA	
URS0000000128	ENA	GQ493599.1:1..814:rRNA	77133	rRNA	
URS0000000128	SILVA	GQ493599.1	77133	rRNA	rrn
URS0000000128	RFAM	RF00177	77133	rRNA	
URS0000000129	ENA	JX644015.1:13076..13130:tRNA	460893	tRNA	
URS000000012A	SILVA	DQ798470.1	77133	rRNA	rrn
URS000000012A	RFAM	RF00177	77133	rRNA	
URS000000012A	ENA	DQ798470.1:1..804:rRNA	77133	rRNA	
URS000000012B	SILVA	JN928905.1	358574	rRNA	rrn
URS000000012B	ENA	JN928905.1:1..438:rRNA	358574	rRNA	
URS000000012C	ENA	FJ221304.1:1..692:rRNA	162156	rRNA	
URS000000012C	SILVA	FJ221304.1	162156	rRNA	rrn
URS000000012C	RFAM	RF00177	162156	rRNA	
URS000000012D	RFAM	RF00177	77133	rRNA	
URS000000012D	SILVA	GQ000908.1	77133	rRNA	rrn
URS000000012D	ENA	GQ000908.1:1..1372:rRNA	77133	rRNA	
URS000000012D	GREENGENES	469473	77133	rRNA	rrn
URS000000012E	SILVA	GU240107.1	77133	rRNA	rrn
URS000000012E	ENA	GU240107.1:1..492:rRNA	77133	rRNA	
URS000000012E	RFAM	RF00177	77133	rRNA	
URS000000012F	GREENGENES	762770	77133	rRNA	rrn
URS000000012F	RFAM	RF00177	77133	rRNA	
URS000000012F	ENA	HM846357.1:1..1396:rRNA	77133	rRNA	
URS000000012F	SILVA	HM846357.1	77133	rRNA	rrn
URS0000000130	ENA	JF182333.1:1..1358:rRNA	77133	rRNA	
URS0000000130	RFAM	RF00177	77133	rRNA	
URS0000000130	GREENGENES	955919	77133	rRNA	rrn
URS0000000130	SILVA	JF182333.1	77133	rRNA	rrn
URS0000000131	ENA	AY635177.1:538..555:rRNA	128775	rRNA	
URS0000000131	ENA	AF272934.1:541..558:rRNA	128768	rRNA	
URS0000000132	RFAM	RF00177	77133	rRNA	
URS0000000132	ENA	EU857956.1:1..919:rRNA	77133	rRNA	
URS0000000132	SILVA	EU857956.1	77133	rRNA	rrn
URS0000000133	RFAM	RF00177	77133	rRNA	
URS0000000133	ENA	FJ326434.1:1..228:rRNA	77133	rRNA	
URS0000000134	RFAM	RF01959	115547	rRNA	
URS0000000134	SILVA	AY291541.1	115547	rRNA	rrn
URS0000000134	ENA	AY291541.1:1..402:rRNA	115547	rRNA	
URS0000000135	GREENGENES	234573	77133	rRNA	rrn
URS0000000135	ENA	EF603042.1:1..1483:rRNA	77133	rRNA	
URS0000000135	SILVA	EF603042.1	77133	rRNA	rrn
URS0000000135	RFAM	RF00177	77133	rRNA	
URS0000000136	SILVA	EU392572.1	511188	rRNA	rrn
URS0000000136	RFAM	RF02543	511188	rRNA	
URS0000000136	ENA	EU392572.1:1..849:rRNA	511188	rRNA	
URS0000000137	ENA	EU656008.1:1..1319:rRNA	77133	rRNA	
URS0000000137	SILVA	EU656008.1	77133	rRNA	rrn
URS0000000137	RFAM	RF00177	77133	rRNA	
URS0000000138	ENA	AY662002.1:1..1488:rRNA	77133	rRNA	
URS0000000138	SILVA	AY662002.1	77133	rRNA	rrn
URS0000000138	GREENGENES	137028	77133	rRNA	rrn
URS0000000138	RFAM	RF00177	77133	rRNA	
URS0000000139	RFAM	RF00177	239745	rRNA	
URS0000000139	ENA	HM964340.1:1..357:rRNA	239745	rRNA	
URS0000000139	SILVA	HM964340.1	239745	rRNA	rrn
URS000000013A	SILVA	HM548616.2	77133	rRNA	rrn
URS000000013A	ENA	HM548616.2:1..529:rRNA	77133	rRNA	
URS000000013A	RFAM	RF00177	77133	rRNA	
URS000000013B	ENA	DQ748645.1:1..29:ncRNA	10116	piRNA	
URS000000013C	ENA	FJ456941.1:1294..1358:tRNA	575837	tRNA	
URS000000013D	RFAM	RF00177	77133	rRNA	
URS000000013D	ENA	FJ306035.1:1..178:rRNA	77133	rRNA	
URS000000013E	ENA	DQ344025.1:1175..1245:tRNA	364406	tRNA	
URS000000013F	RFAM	RF00177	56765	rRNA	
URS000000013F	SILVA	FR683919.1	56765	rRNA	rrn
URS000000013F	ENA	FR683919.1:1..1495:rRNA	56765	rRNA	16S rRNA
URS000000013F	GREENGENES	646475	56765	rRNA	rrn
URS0000000140	SILVA	JF557354.1	77133	rRNA	rrn
URS0000000140	ENA	JF557354.1:1..495:rRNA	77133	rRNA	
URS0000000141	RFAM	RF00177	77133	rRNA	
URS0000000141	ENA	AY538058.1:1..743:rRNA	77133	rRNA	
URS0000000141	SILVA	AY538058.1	77133	rRNA	rrn
URS0000000142	SILVA	GU595364.1	979108	rRNA	rrn
URS0000000142	ENA	GU595364.1:1..951:rRNA	979108	rRNA	
URS0000000142	RFAM	RF00177	979108	rRNA	
URS0000000144	ENA	EF592084.1:1..210:rRNA	312132	rRNA	
URS0000000145	RFAM	RF00005	341663	tRNA	
URS0000000145	ENA	CH476600.1:1601122..1601202:tRNA	341663	tRNA	
URS0000000146	RFAM	RF00177	83427	rRNA	
URS0000000146	SILVA	GU198962.1	83427	rRNA	rrn
URS0000000146	ENA	GU198962.1:1..378:rRNA	83427	rRNA	
URS0000000147	RFAM	RF00177	77133	rRNA	
URS0000000147	GREENGENES	880567	77133	rRNA	rrn
URS0000000147	SILVA	JF128625.1	77133	rRNA	rrn
URS0000000147	ENA	JF128625.1:1..1372:rRNA	77133	rRNA	
URS0000000148	ENA	JN486978.1:1..1438:rRNA	155900	rRNA	
URS0000000148	SILVA	JN486978.1	155900	rRNA	rrn
URS0000000149	SILVA	HM497772.1	194249	rRNA	rrn
URS0000000149	ENA	HM497772.1:1..506:rRNA	194249	rRNA	
URS000000014A	ENA	AB406299.1:1..26:ncRNA	7091	other	
URS000000014C	SILVA	JX640533.1	77133	rRNA	rrn
URS000000014C	ENA	JX640533.1:1..321:rRNA	77133	rRNA	
URS000000014D	RFAM	RF00177	239139	rRNA	
URS000000014D	ENA	AY331417.1:1..977:rRNA	239139	rRNA	
URS000000014D	SILVA	AY331417.1	239139	rRNA	rrn
URS000000014E	ENA	HM612310.1:1..208:rRNA	77133	rRNA	
URS000000014E	RFAM	RF00177	77133	rRNA	
URS000000014F	ENA	KC337520.1:1..500:rRNA	77133	rRNA	
URS000000014F	SILVA	KC337520.1	77133	rRNA	rrn
URS0000000150	SILVA	JF809175.1	77133	rRNA	rrn
URS0000000150	ENA	JF809175.1:1..889:rRNA	77133	rRNA	
URS0000000151	ENA	AF335857.1:1..203:rRNA	3702	rRNA	
URS0000000152	RFAM	RF01959	77133	rRNA	
URS0000000152	SILVA	JF708806.1	77133	rRNA	rrn
URS0000000152	ENA	JF708806.1:1..710:rRNA	77133	rRNA	
URS0000000153	SILVA	HM939826.1	453122	rRNA	rrn
URS0000000153	ENA	HM939826.1:1..454:rRNA	453122	rRNA	
URS0000000153	RFAM	RF00177	453122	rRNA	
URS0000000154	ENA	CAFN01000106.1:358..434:tRNA	376219	tRNA	
URS0000000154	ENA	AFXD01000039.1:1027..1103:tRNA	459495	tRNA	
URS0000000154	ENA	ACSK03000267.1:115888..115964:tRNA	634502	tRNA	
URS0000000154	ENA	FO818640.1:4067493..4067569:tRNA	35824	tRNA	
URS0000000154	ENA	AP011615.1:4606572..4606648:tRNA	696747	tRNA	
URS0000000156	ENA	AMCI01003495.1:58..135:tRNA	749906	tRNA	
URS0000000158	SILVA	DQ417488.1	29281	rRNA	rrn
URS0000000158	RFAM	RF01959	29281	rRNA	
URS0000000158	ENA	DQ417488.1:1..1042:rRNA	29281	rRNA	
URS0000000159	ENA	HQ191602.1:1..137:rRNA	100272	rRNA	
URS0000000159	RFAM	RF01960	100272	rRNA	
URS000000015A	RFAM	RF01959	115547	rRNA	
URS000000015A	ENA	GU867688.1:1..263:rRNA	115547	rRNA	
URS000000015B	SILVA	JQ387405.2	77133	rRNA	rrn
URS000000015B	ENA	JQ387405.2:1..740:rRNA	77133	rRNA	
URS000000015D	SILVA	JF829648.1	1038421	rRNA	rrn
URS000000015D	RFAM	RF00177	1038421	rRNA	
URS000000015D	ENA	JF829648.1:1..591:rRNA	1038421	rRNA	
URS000000015E	ENA	AM269418.2:1..545:rRNA	109777	rRNA	12S rRNA
URS000000015F	ENA	DQ602793.1:1..30:ncRNA	10116	piRNA	
URS0000000160	ENA	HM552276.2:1..540:rRNA	77133	rRNA	
URS0000000160	RFAM	RF00177	77133	rRNA	
URS0000000160	SILVA	HM552276.2	77133	rRNA	rrn
URS0000000161	SILVA	JQ977465.1	1327450	rRNA	rrn
URS0000000161	ENA	JQ977465.1:1..1431:rRNA	1327450	rRNA	
URS0000000162	ENA	HM524375.1:1..460:rRNA	212696	rRNA	
URS0000000162	RFAM	RF00177	212696	rRNA	
URS0000000162	SILVA	HM524375.1	212696	rRNA	rrn
URS0000000163	SILVA	EU283197.1	77133	rRNA	rrn
URS0000000163	RFAM	RF00177	77133	rRNA	
URS0000000163	ENA	EU283197.1:1..1008:rRNA	77133	rRNA	
URS0000000164	ENA	JX812049.1:1..392:rRNA	77133	rRNA	
URS0000000164	SILVA	JX812049.1	77133	rRNA	rrn
URS0000000165	ENA	AAEE01000009.1:98644..98730:ncRNA	353152	snoRNA	
URS0000000166	RFAM	RF00177	77133	rRNA	
URS0000000166	ENA	FJ286673.1:1..218:rRNA	77133	rRNA	
URS0000000167	RFAM	RF00177	637679	rRNA	
URS0000000167	ENA	FJ847942.1:1..1419:rRNA	637679	rRNA	
URS0000000167	REFSEQ	NR_116840	637679	rRNA	
URS0000000167	GREENGENES	607668	637679	rRNA	rrn
URS0000000167	SILVA	FJ847942.1	637679	rRNA	rrn
URS0000000168	RFAM	RF00177	77133	rRNA	
URS0000000168	GREENGENES	984958	77133	rRNA	rrn
URS0000000168	SILVA	JF148346.1	77133	rRNA	rrn
URS0000000168	ENA	JF148346.1:1..1367:rRNA	77133	rRNA	
URS0000000169	ENA	JQ975970.1:577..1230:rRNA	175245	rRNA	
URS0000000169	SILVA	JQ975970.1	175245	rRNA	rrn
URS000000016A	ENA	GU543288.1:1..413:rRNA	77133	rRNA	
URS000000016A	SILVA	GU543288.1	77133	rRNA	rrn
URS000000016B	ENA	EF628569.1:1..587:rRNA	175245	rRNA	
URS000000016B	SILVA	EF628569.1	175245	rRNA	rrn
URS000000016B	RFAM	RF01960	175245	rRNA	
URS000000016C	ENA	GU883455.1:1..263:rRNA	115547	rRNA	
URS000000016C	RFAM	RF01959	115547	rRNA	
URS000000016D	ENA	JQ686377.1:634..688:tRNA	933639	tRNA	
URS000000016D	ENA	JQ686369.1:634..688:tRNA	933639	tRNA	
URS000000016D	ENA	JQ686378.1:634..688:tRNA	933639	tRNA	
URS000000016D	ENA	JQ686383.1:634..688:tRNA	933639	tRNA	
URS000000016D	ENA	JQ686376.1:634..688:tRNA	933639	tRNA	
URS000000016E	ENA	FJ339168.1:1..207:rRNA	77133	rRNA	
URS000000016E	RFAM	RF00177	77133	rRNA	
URS000000016F	SILVA	HQ750658.1	155900	rRNA	rrn
URS000000016F	GREENGENES	4286660	155900	rRNA	rrn
URS000000016F	ENA	HQ750658.1:1..1441:rRNA	155900	rRNA	
URS0000000170	ENA	GU776574.1:1..447:rRNA	77133	rRNA	
URS0000000170	SILVA	GU776574.1	77133	rRNA	rrn
URS0000000171	RFAM	RF01959	235932	rRNA	
URS0000000171	GREENGENES	749946	235932	rRNA	rrn
URS0000000171	SILVA	FN428651.1	235932	rRNA	rrn
URS0000000171	ENA	FN428651.1:1..1510:rRNA	235932	rRNA	16S rRNA
URS0000000173	ENA	EF696084.1:1..612:rRNA	153809	rRNA	
URS0000000173	SILVA	EF696084.1	153809	rRNA	rrn
URS0000000173	RFAM	RF00177	153809	rRNA	
URS0000000174	SILVA	HQ319714.1	77133	rRNA	rrn
URS0000000174	RFAM	RF00177	77133	rRNA	
URS0000000174	ENA	HQ319714.1:1..794:rRNA	77133	rRNA	
URS0000000175	SILVA	HQ865426.1	100272	rRNA	rrn
URS0000000175	ENA	HQ865426.1:1..882:rRNA	100272	rRNA	
URS0000000176	SILVA	AY592688.1	77133	rRNA	rrn
URS0000000176	ENA	AY592688.1:1..1315:rRNA	77133	rRNA	
URS0000000176	RFAM	RF00177	77133	rRNA	
URS0000000177	ENA	AY258407.1:214..377:rRNA	228523	rRNA	
URS0000000177	ENA	AY258387.1:220..383:rRNA	228530	rRNA	
URS0000000178	RFAM	RF00177	77133	rRNA	
URS0000000178	SILVA	HM341181.1	77133	rRNA	rrn
URS0000000178	ENA	HM341181.1:1..1372:rRNA	77133	rRNA	
URS0000000178	GREENGENES	769253	77133	rRNA	rrn
URS0000000179	ENA	JN838830.1:1..720:rRNA	77133	rRNA	
URS000000017A	ENA	JX218593.1:1..1488:rRNA	136703	rRNA	
URS000000017A	SILVA	JX218593.1	136703	rRNA	rrn
URS000000017B	ENA	JN098301.1:1..1706:rRNA	1126602	rRNA	
URS000000017B	SILVA	JN098301.1	1126602	rRNA	rrn
URS000000017D	SILVA	JN098186.1	1126612	rRNA	rrn
URS000000017D	ENA	JN098186.1:1..1537:rRNA	1126612	rRNA	
URS000000017E	ENA	JF545657.1:1..505:rRNA	77133	rRNA	
URS000000017E	SILVA	JF545657.1	77133	rRNA	rrn
URS000000017E	RFAM	RF00177	77133	rRNA	
URS000000017F	ENA	CWHR02000023.1:50213..50296:tRNA	5851	tRNA	
URS000000017F	RFAM	RF00005	5851	tRNA	
URS000000017F	ENA	CP016247.1:133508..133591:tRNA	208452	tRNA	Leu_CAA
URS000000017F	ENA	KI965478.1:60452..60535:tRNA	1237626	tRNA	
URS000000017F	ENA	KQ234864.1:851332..851415:tRNA	1033975	tRNA	
URS000000017F	RFAM	RF00005	5855	tRNA	
URS000000017F	ENA	KQ235380.1:177790..177873:tRNA	1035514	tRNA	
URS000000017F	ENA	CWHQ02000002.1:45620..45703:tRNA	5851	tRNA	
URS000000017F	ENA	KQ001685.1:163910..163993:tRNA	5857	tRNA	
URS000000017F	ENA	KQ235086.1:220628..220711:tRNA	1035515	tRNA	
URS000000017F	ENA	DF157101.1:30142..30225:tRNA	1120755	tRNA	
URS000000017F	ENA	AM910991.1:21964..22047:tRNA	5851	tRNA	tRNA-Leu (CAA)
URS000000017F	ENA	CWHQ01000002.1:45620..45703:tRNA	5851	tRNA	
